{"name": "jogar", "distances": {"4_8": 0.1171987885287541, "4_12": 0.15683864975972053, "4_16": 0.16218157225684213, "4_20": 0.15563977725726064, "8_12": 0.055903331946807557, "8_16": 0.08346663036425489, "8_20": 0.11087459961120559, "12_16": 0.037119898404237614, "12_20": 0.08195082315074236, "16_20": 0.04971116116490709}}