{"name": "quero", "distances": {"4_8": 0.2535911070841965, "4_12": 0.34383059502130947, "4_16": 0.37649435522625235, "4_20": 0.3911037468452663, "8_12": 0.1155143348302824, "8_16": 0.17739913219858638, "8_20": 0.2614163341358347, "12_16": 0.07052790022909441, "12_20": 0.17953236348006504, "16_20": 0.11772848050892597}}