{"name": "um", "distances": {"4_8": 0.21151793264384167, "4_12": 0.052577257668767356, "4_16": 0.09261441761178407, "4_20": 0.11234874280181595, "8_12": 0.2613517235976405, "8_16": 0.2908814435715675, "8_20": 0.3054334827575898, "12_16": 0.05461047442282971, "12_20": 0.08379668077666459, "16_20": 0.040329561680536224}}